POLYMER_NAME,SMILES,ElasticModulus,Volume_Surface_Ratio,Shape_Normalized,Flexibility_Index,Mass_Density,Polarity_Index,Hydrophobicity_Balance,Refractivity_Efficiency,Connectivity_Density,Topological_Size_Ratio,Surface_Stiffness_Ratio
PLA,CC(O)C(=O)O,15.013,1.53900563813429,6,0.166666666666667,4.43371430259,9.58833333333333,-0.10964,0.212088539493621,0.833333333333333,0,28.765
ABS_Acrylonitrile,C=CC#N,13.266,2.14054054054054,4,0,3.15669244497323,5.9475,0.34799,0.292431192660551,0.75,0,23.79
ABS_Styrene,C=CC1=CC=CC=C1,13.019,104.152,4,0.111111111111111,2.77494471531719,0,2.3296,0.347430386488132,1,0.125,0
ABS_Butadiene,C=CC=C,13.523,54.092,4,0.25,2.52837244087127,0,1.3584,0.370180788499238,0.75,0,0
PET,OCCOC(=O)C1=CC=CC=C1C(=O)O,14.0123333333333,2.4777201461747,7.5,0.25,4.06000819013475,5.58866666666667,0.0762714285714286,0.240403437744158,1,0.0666666666666667,16.766
PETG_Modified,OCCOCC(=O)C1=CC=CC=C1C(=O)O,14.01325,2.64307438406224,8,0.352941176470588,3.95878283654033,5.239375,0.0823428571428572,0.247041010248122,1,0.0625,11.9757142857143
Nylon_6,NCCCCCC(=O)O,14.575,2.03941231343284,9,0.555555555555556,3.62780780016705,7.03555555555556,0.11802,0.265997351995461,0.888888888888889,0,10.5533333333333
Nylon_66,NCCCCC(=O)NCCCCCC(=O)O,14.39425,2.46529651038322,16,0.625,3.65458616383339,5.77625,0.125228571428571,0.268122589793695,0.9375,0,8.40181818181818
TPU,O=C(NCCCCN)OCCCCO,14.5907142857143,2.38688946015424,14,0.571428571428571,3.71677744641905,6.04142857142857,0.028,0.262867930043358,0.928571428571429,0,9.39777777777778
PEEK,O=C1C=CC(=O)C=C1OC2=CC=CC=C2O,13.512,3.3466253869969,5.33333333333333,0.111111111111111,3.7947194928017,3.975,0.22715,0.257706545360787,1.0625,0.125,21.2
PEI,O=C1NC(=O)C2=CC=CC=C2O1,13.5943333333333,2.54615264554394,4,0,3.69874412477582,5.25583333333333,0.09626,0.262622157775449,1.08333333333333,0.166666666666667,63.07
PMMA,CC(C)(C(=O)O)C,14.5904285714286,2.66665796344648,7,0,3.6358167086733,5.32857142857143,0.372366666666667,0.262678289199383,0.857142857142857,0,37.3
Polycarbonate,O=C(Oc1ccccc1)Oc2ccccc2,13.38875,5.8642211880646,5.33333333333333,0.111111111111111,3.53872076119995,2.220625,0.816100000000001,0.276628566118391,1.0625,0.125,11.8433333333333
Polystyrene,C=CC1=CC=CC=C1,13.019,104.152,4,0.111111111111111,2.77494471531719,0,2.3296,0.347430386488132,1,0.125,0
PVA,CC(O),15.3563333333333,2.16999528968441,3,0,3.34808645474498,6.74333333333333,-0.000466666666666671,0.271087127408698,0.666666666666667,0,20.23
Polypropylene,CC(C),14.699,44.097,3,0,2.59929266136163,0,1.4163,0.354014679468701,0.666666666666667,0,0
Polyethylene,CC,15.035,30.07,2,0,2.43521218011014,0,1.0262,0.365239781139363,0.5,0,0
Polybutylene,CCCC,14.531,58.124,4,0.25,2.69317023445464,0,1.8064,0.348115824369123,0.75,0,0
PVC,C=CCCl,19.1315,76.526,4,0.25,3.4916275037642,0,1.4112,0.26980625854552,0.75,0,0
PVDF,C(F)(F)C(F)(F),17.005,102.03,6,0.166666666666667,7.84363468634686,0,1.5166,0.116548578084053,0.833333333333333,0,0
PTFE,C(F)(F),17.341,52.023,3,0,6.43610045775083,0,0.8829,0.13358353921883,0.666666666666667,0,0
EVA,CCOCC,14.8246,7.24565004887586,5,0.4,3.19950792074934,1.846,0.5214,0.295076075236612,0.8,0,3.07666666666667
PBT,OCCOC(=O)C1=CC=CC=C1C(=O)OCC,14.0140588235294,3.22685900040634,8.5,0.277777777777778,3.92054542941211,4.28411764705882,0.144628571428571,0.249820472414615,1,0.0588235294117647,12.1383333333333
POM,CO,16.021,1.50927932171456,2,0,3.50461565384784,10.115,-0.1305,0.246437866957206,0.5,0,20.23
PPS,C1=CC=C(S)C=C1,15.7401428571429,110.181,3.5,0,3.17579408543264,0,0.658433333333333,0.303055378167133,1,0.142857142857143,0
PSU,O=S(=O)(c1ccccc1)c2ccccc2,14.5518,6.21163915765509,5,0.117647058823529,3.67867290910378,2.276,0.8398,0.266037021666659,1.06666666666667,0.133333333333333,11.38
PES,O=S(=O)(c1ccc(cc1))c2ccc(cc2),14.5518,6.21163915765509,5,0.117647058823529,3.67867290910378,2.276,0.8398,0.266037021666659,1.06666666666667,0.133333333333333,11.38
PA11,NCCCCCCCCCCC(=O)O,14.3792857142857,3.12981965174129,14,0.714285714285714,3.39802711534826,4.52285714285714,0.50812,0.287890860560526,0.928571428571429,0,5.75636363636364
PA12,NCCCCCCCCCCCC(=O)O,14.3558,3.34790111940298,15,0.733333333333333,3.37200635137378,4.22133333333333,0.58614,0.290566107508194,0.933333333333333,0,5.27666666666667
HDPE,CC,15.035,30.07,2,0,2.43521218011014,0,1.0262,0.365239781139363,0.5,0,0
LDPE,CCC,14.699,44.097,3,0,2.59929266136163,0,1.4163,0.354014679468701,0.666666666666667,0,0
LLDPE,CCCC,14.531,58.124,4,0.25,2.69317023445464,0,1.8064,0.348115824369123,0.75,0,0
UHMWPE,CCCCC,14.4302,72.151,5,0.4,2.75396007481202,0,2.1965,0.344479227898457,0.8,0,0
SAN,C=CC#N,13.266,2.14054054054054,4,0,3.15669244497323,5.9475,0.34799,0.292431192660551,0.75,0,23.79
ASA,C=CC#N,13.266,2.14054054054054,4,0,3.15669244497323,5.9475,0.34799,0.292431192660551,0.75,0,23.79
COC,C1OC1,14.6843333333333,3.2559497413156,1.5,0,3.72730349437347,4.17666666666667,0.00830000000000003,0.240139391383482,1,0.333333333333333,12.53
COP,C1COC1,14.52,5.67741935483871,2,0,3.53370649793137,2.3075,0.20335,0.261272850372377,1,0.25,9.23
PC-ABS,C=CC1=CC=CC=C1,13.019,104.152,4,0.111111111111111,2.77494471531719,0,2.3296,0.347430386488132,1,0.125,0
TPE,CCOCCO,15.0203333333333,2.95869993434012,6,0.5,3.66665581720833,4.91,0.00380000000000001,0.258760782247975,0.833333333333333,0,7.365
TPO,CCCCO,14.8246,3.49142722562412,5,0.4,3.22360810305387,4.046,0.2596,0.292770523008932,0.8,0,6.74333333333333
PCL,OCCCCCC(=O)O,14.6843333333333,2.25797027165556,9,0.555555555555556,3.86547371130403,6.39222222222222,0.12474,0.249247891618291,0.888888888888889,0,9.58833333333333
PBS,OCCCC(=O)OCCCC(=O)O,14.6303846153846,2.24207238005423,13,0.538461538461538,4.21264446738105,6.44846153846154,0.0238428571428571,0.230908758074218,0.923076923076923,0,10.47875
PBAT,OCCCC(=O)OCC1=CC=CC=C1C(=O)O,14.0140588235294,2.80842862194978,8.5,0.333333333333333,3.93672201741326,4.93117647058824,0.1715,0.248776746266286,1,0.0588235294117647,11.9757142857143
PLA_Blends,CC(O)C(=O)OCC,14.7665,2.48541973490427,8,0.25,4.02991082698252,5.81625,-0.01394,0.237667461303428,0.875,0,15.51
PEKK,O=C1C=CC(=O)C=C1OC2=CC=CC=C2,13.3462,4.51189993238675,5,0.117647058823529,3.61966839640552,2.89133333333333,0.414325,0.269924897983528,1.06666666666667,0.133333333333333,14.4566666666667
PSF,O=S(=O)(c1ccccc1)c2ccccc2,14.5518,6.21163915765509,5,0.117647058823529,3.67867290910378,2.276,0.8398,0.266037021666659,1.06666666666667,0.133333333333333,11.38
PBI,C1=NC2=CC=CC=C2N1,13.1265555555556,3.98042452830189,3,0,3.18488045139741,3.18666666666667,0.520966666666667,0.302954532101159,1.11111111111111,0.222222222222222,28.68
PBO,C1=NC2=CC=CC=C2O1,13.2358888888889,4.4070662227155,3,0,3.40263932131737,2.89222222222222,0.609266666666667,0.28311813724266,1.11111111111111,0.222222222222222,26.03
PI,O=C1NC(=O)C2=CC=CC=C2O1,13.5943333333333,2.54615264554394,4,0,3.69874412477582,5.25583333333333,0.09626,0.262622157775449,1.08333333333333,0.166666666666667,63.07
PAA,CC(=O)O,15.013,1.56793733681462,4,0,4.19656459209772,9.325,0.0303,0.218007600078622,0.75,0,37.3
PAN,C=CC#N,13.266,2.14054054054054,4,0,3.15669244497323,5.9475,0.34799,0.292431192660551,0.75,0,23.79
PVAc,CC(=O)OCC,14.6843333333333,3.22732600732601,6,0.166666666666667,3.78023769682928,4.38333333333333,0.1898,0.250342288959217,0.833333333333333,0,13.15
PHEMA,CC(O)CO,15.219,1.83538350217077,5,0.2,3.84967571560106,8.092,-0.1281,0.243421752383423,0.8,0,20.23
PEG,OCCO,15.517,1.49705740472745,4,0.25,4.09106488438925,10.115,-0.2058,0.224703494640705,0.75,0,20.23
PEO,OCCOCC,15.0203333333333,2.95869993434012,6,0.5,3.66665581720833,4.91,0.00379999999999997,0.258760782247975,0.833333333333333,0,7.365
PVP,C1=CC=CN=C1,13.1836666666667,5.69488840892729,3,0,3.13436620834489,2.14833333333333,0.5408,0.302576714688772,1,0.166666666666667,12.89
PVK,C1=CC=CC=N1,13.1836666666667,5.69488840892729,3,0,3.13436620834489,2.14833333333333,0.5408,0.302576714688772,1,0.166666666666667,12.89
PANI,C1=CC=CC=N1C,,,,,,,,,,,
PEDOT,C1=CSC=C1O,16.6903333333333,4.71700423928403,3,0,3.71118967676902,3.37166666666667,0.363425,0.256904154554982,1,0.166666666666667,20.23
PMI,C1=NC(=O)C=CN1,13.727,2.05537967914439,3.5,0,3.71606910127351,6.53571428571429,-0.057525,0.256030034298427,1,0.142857142857143,45.75
PBTL,OCCCCCC(=O)O,14.6843333333333,2.25797027165556,9,0.555555555555556,3.86547371130403,6.39222222222222,0.12474,0.249247891618291,0.888888888888889,0,9.58833333333333
PHB,CC(O)C(=O)OCC,14.7665,2.48541973490427,8,0.25,4.02991082698252,5.81625,-0.01394,0.237667461303428,0.875,0,15.51
PHBV,CC(O)C(=O)OCCC,14.6843333333333,2.78053860719546,9,0.333333333333333,3.89495679441687,5.17,0.06408,0.247304350438198,0.888888888888889,0,11.6325
PLA_Copolymer,CC(O)C(=O)OCCC,14.6843333333333,2.78053860719546,9,0.333333333333333,3.89495679441687,5.17,0.06408,0.247304350438198,0.888888888888889,0,11.6325
PET_Copolymer,OCCOC(=O)C1=CC=CC=C1,13.848,3.49623395750053,6,0.230769230769231,3.70843310578148,3.8775,0.16714,0.262060941761976,1,0.0833333333333333,11.6325
Nylon_Copolymer,NCCCC(=O)NCCCC,14.3859090909091,2.8197612259444,11,0.545454545454545,3.35221507389935,5.01090909090909,0.12832,0.29015730478194,0.909090909090909,0,7.87428571428572
TPU_Elastic,O=C(NCCCCN)OCCO,14.6846666666667,2.05907922411778,12,0.5,3.85383018880304,7.04833333333334,-0.069525,0.252375067713976,0.916666666666667,0,12.0828571428572
Silicone_PDMS,[Si](C)(C)O,18.79075,3.54041450777202,4,0,3.63092247642603,5.0575,0.0766,0.258666281527776,0.75,0,20.23
Epoxy,C1OC1C2=CC=CC=C2,13.3501111111111,8.88033998521803,3,0.0909090909090909,3.32505880725059,1.39222222222222,0.87895,0.290009987536215,1.11111111111111,0.222222222222222,6.265
Phenolic,C1=CC=C(O)C=C1,13.4447142857143,4.43301931229392,3.5,0,3.23336814764935,2.89,0.464066666666667,0.295509551796285,1,0.142857142857143,20.23
Melamine_Formaldehyde,C1=NC(N)=NC(N)=N1,13.8885,1.21151455675499,4,0,3.74709123898043,11.33875,-0.1205,0.255573197274057,1,0.125,90.71
Urea_Formaldehyde,NC(=O)N,15.014,0.856596776494081,4,0,4.06585966907683,17.2775,-0.24405,0.225543763102725,0.75,0,69.11
Polyimide_Modified,O=C1NC(=O)C2=CC=CC=C2,,,,,,,,,,,
Polyamide_12,NCCCCCCCCCCCC(=O)O,14.3558,3.34790111940298,15,0.733333333333333,3.37200635137378,4.22133333333333,0.58614,0.290566107508194,0.933333333333333,0,5.27666666666667
Polyamide_11,NCCCCCCCCCCC(=O)O,14.3792857142857,3.12981965174129,14,0.714285714285714,3.39802711534826,4.52285714285714,0.50812,0.287890860560526,0.928571428571429,0,5.75636363636364
Polyamide_6_10,NCCCCCC(=O)NCCCCCCCCCC(=O)O,14.3068095238095,3.21604581460073,21,0.714285714285714,3.48930768525003,4.40095238095238,0.403871428571429,0.282321699293067,0.952380952380952,0,5.77625
Polyamide_4_6,NCCCC(=O)NCCCCCC(=O)O,14.4187333333333,2.31514664953971,15,0.6,3.70332129605372,6.16133333333333,0.0695,0.264182786345792,0.933333333333333,0,9.242
Polycarbonate_Mod,O=C(Oc1ccccc1)OCC,13.848,4.54902819600328,6,0.153846153846154,3.68526567905615,2.96083333333333,0.555475,0.263745992247691,1,0.0833333333333333,11.8433333333333
PET_Recycled,OCCOC(=O)C1=CC=CC=C1C(=O)O,14.0123333333333,2.4777201461747,7.5,0.25,4.06000819013475,5.58866666666667,0.0762714285714286,0.240403437744158,1,0.0666666666666667,16.766
PLA_Reinforced,CC(O)C(=O)OCCO,14.9034444444444,1.97950118063754,9,0.333333333333333,4.36544770484547,7.41777777777778,-0.156757142857143,0.219976171270841,0.888888888888889,0,16.69
ABS_Modified,C=CC1=CC=CC=C1C,13.131,118.179,4.5,0.1,2.7958126330731,0,2.63802,0.346285838948137,1,0.111111111111111,0
HIPS_Modified,C=CC1=CC=CC=C1C,13.131,118.179,4.5,0.1,2.7958126330731,0,2.63802,0.346285838948137,1,0.111111111111111,0
ASA_Modified,C=CC#NC,,,,,,,,,,,
SAN_Modified,C=CC#NC,,,,,,,,,,,
PEEK_Modified,O=C1C=CC(=O)C=C1OC2=CC=CC=C2OCC,13.5692222222222,4.55682835820895,6,0.2,3.67419820687165,2.92222222222222,0.4112,0.266980908964876,1.05555555555556,0.111111111111111,10.52
PEI_Modified,O=C1NC(=O)C2=CC=CC=C2O1CC,,,,,,,,,,,
PPS_Modified,C1=CC=C(SC)C=C1,15.526,124.208,4,0.111111111111111,3.16671340794942,0,1.20425,0.305276020701553,1,0.125,0
PSU_Modified,O=S(=O)(c1ccccc1)c2ccccc2C,14.519,6.61081388730791,5.33333333333333,0.111111111111111,3.62562585059495,2.13375,0.942606666666667,0.27034598635257,1.0625,0.125,11.38
PES_Modified,O=S(=O)(c1ccc(cc1))c2ccc(cc2)C,14.519,6.61081388730791,5.33333333333333,0.111111111111111,3.62562585059495,2.13375,0.942606666666667,0.27034598635257,1.0625,0.125,11.38
TPE_Modified,CCOCCOC,14.8784285714286,5.35195272353546,7,0.571428571428571,3.54622220708911,2.63714285714286,0.2231,0.26979809603515,0.857142857142857,0,3.692
TPO_Modified,CCCCOC,14.6916666666667,8.61681329423265,6,0.5,3.17268931759286,1.53833333333333,0.71645,0.300437464946719,0.833333333333333,0,2.3075
EVA_Modified,CCOCCOC,14.8784285714286,5.35195272353546,7,0.571428571428571,3.54622220708911,2.63714285714286,0.2231,0.26979809603515,0.857142857142857,0,3.692
PCL_Modified,OCCCCCC(=O)OCC,14.5648181818182,3.37077635177782,11,0.545454545454545,3.70976779942019,4.23,0.22044,0.261683611123173,0.909090909090909,0,6.64714285714286
PBS_Modified,OCCCC(=O)OCCCC(=O)OCC,14.5499333333333,2.95610185561425,15,0.533333333333333,4.0307650824256,4.85533333333333,0.0922,0.242399281182583,0.933333333333333,0,8.09222222222222
PBAT_Modified,OCCCC(=O)OCC1=CC=CC=C1C(=O)OCC,14.0154210526316,3.60684003792496,9.5,0.35,3.83076575611061,3.83315789473684,0.239857142857143,0.25632657795004,1,0.0526315789473684,9.10375
PHB_Modified,CC(O)C(=O)OCCC,14.6843333333333,2.78053860719546,9,0.333333333333333,3.89495679441687,5.17,0.06408,0.247304350438198,0.888888888888889,0,11.6325
PHBV_Modified,CC(O)C(=O)OCCCC,14.6186,3.07565747948664,10,0.4,3.79233056101775,4.653,0.1421,0.255104425692661,0.9,0,9.306
