POLYMER_NAME,SMILES,MolWt,LogP,TPSA,HDonors,HAcceptors,RotatableBonds,ValenceElectrons,HeavyAtoms,RingCount,FractionCSP3,AliphaticRings,AromaticRings,SaturatedRings,AliphaticCarbocycles,AromaticCarbocycles,SaturatedCarbocycles,AliphaticHeterocycles,AromaticHeterocycles,SaturatedHeterocycles,RadicalElectrons,MaxPartialCharge,MinPartialCharge,MaxAbsPartialCharge,MinAbsPartialCharge,BalabanJ,BertzCT,Chi0,Chi1,Kappa1,Kappa2
PLA,CC(O)C(=O)O,90.07799999999999,-0.5482,57.53,2.0,2.0,1.0,36.0,6.0,0.0,0.6666666666666666,0.0,0.0,0.0,0.0,0.0,0.0,0.0,0.0,0.0,0.0,0.3317230795714236,-0.4793355989963274,0.4793355989963274,0.3317230795714236,3.2575861612334887,57.058650025961626,5.1547005383792515,2.6427344100918364,5.43,1.7676338396942162
ABS_Acrylonitrile,C=CC#N,53.06399999999999,0.6959799999999999,23.79,0.0,1.0,0.0,20.0,4.0,0.0,0.0,0.0,0.0,0.0,0.0,0.0,0.0,0.0,0.0,0.0,0.0,0.09053137537380465,-0.19312126078672762,0.19312126078672762,0.09053137537380465,2.9217836800202113,48.793987519471216,3.414213562373095,1.914213562373095,3.2299999999999995,2.23
ABS_Styrene,C=CC1=CC=CC=C1,104.15199999999997,2.3296,0.0,0.0,0.0,1.0,40.0,8.0,1.0,0.0,0.0,1.0,0.0,0.0,1.0,0.0,0.0,0.0,0.0,0.0,-0.02625578937784246,-0.09847005004016512,0.09847005004016512,0.02625578937784246,2.9910469146846212,162.65300142116237,5.819990956308912,3.931851652578137,5.10367816091954,2.3141072195146584
ABS_Butadiene,C=CC=C,54.09199999999999,1.3584,0.0,0.0,0.0,1.0,22.0,4.0,0.0,0.0,0.0,0.0,0.0,0.0,0.0,0.0,0.0,0.0,0.0,0.0,-0.07008230826610218,-0.0990867373646055,0.0990867373646055,0.07008230826610218,2.7320508075688776,21.019550008653873,3.414213562373095,1.914213562373095,3.48,2.48
PET,OCCOC(=O)C1=CC=CC=C1C(=O)O,210.18499999999997,0.5339,83.83,2.0,4.0,4.0,80.0,15.0,1.0,0.2,0.0,1.0,0.0,0.0,1.0,0.0,0.0,0.0,0.0,0.0,0.3385901810523384,-0.4776203381243126,0.4776203381243126,0.3385901810523384,2.9229450292375327,371.83042670586934,11.259148545064338,7.163902460147013,11.196219512195123,5.113340029696918
PETG_Modified,OCCOCC(=O)C1=CC=CC=C1C(=O)O,224.212,0.5764,83.83,2.0,4.0,6.0,86.0,16.0,1.0,0.2727272727272727,0.0,1.0,0.0,0.0,1.0,0.0,0.0,0.0,0.0,0.0,0.3359271084277746,-0.47762199310103104,0.47762199310103104,0.3359271084277746,2.7819882617767444,385.71624138917565,11.966255326250886,7.663902460147013,12.350028011204483,5.992974445652123
Nylon_6,NCCCCCC(=O)O,131.175,0.5901000000000001,63.32000000000001,2.0,2.0,5.0,54.0,9.0,0.0,0.8333333333333334,0.0,0.0,0.0,0.0,0.0,0.0,0.0,0.0,0.0,0.0,0.30283956335443907,-0.4812303897671254,0.4812303897671254,0.30283956335443907,2.8288681349096856,83.12704561867443,7.112884175122364,4.270055610029662,8.43,5.564589502018842
Nylon_66,NCCCCC(=O)NCCCCCC(=O)O,230.30799999999994,0.8765999999999994,92.42,3.0,3.0,10.0,94.0,16.0,0.0,0.8181818181818182,0.0,0.0,0.0,0.0,0.0,0.0,0.0,0.0,0.0,0.0,0.302839565984305,-0.4812303897601587,0.4812303897601587,0.302839565984305,3.1783510867327522,207.4063559128673,12.22576835024473,7.663902460147014,14.9,10.418895545245709
TPU,O=C(NCCCCN)OCCCCO,204.26999999999998,0.22399999999999987,84.58000000000001,3.0,4.0,8.0,84.0,14.0,0.0,0.8888888888888888,0.0,0.0,0.0,0.0,0.0,0.0,0.0,0.0,0.0,0.0,0.406624333489881,-0.449562994906352,0.449562994906352,0.406624333489881,3.1134825987889045,128.0187563936622,10.648418081055103,6.808060412490447,13.19,10.272034454470877
PEEK,O=C1C=CC(=O)C=C1OC2=CC=CC=C2O,216.192,1.3629,63.60000000000001,1.0,4.0,2.0,80.0,16.0,2.0,0.0,1.0,1.0,0.0,1.0,1.0,0.0,0.0,0.0,0.0,0.0,0.22080699459471365,-0.5042389041621866,0.5042389041621866,0.22080699459471365,2.2562072629449004,511.5049749183393,11.543605595440512,7.664703797946448,10.167785242915583,4.020070308274743
PEI,O=C1NC(=O)C2=CC=CC=C2O1,163.13199999999998,0.4813000000000001,63.07,1.0,3.0,0.0,60.0,12.0,2.0,0.0,0.0,2.0,0.0,0.0,1.0,0.0,0.0,1.0,0.0,0.0,0.41911453713556623,-0.4091815673819218,0.41911453713556623,0.4091815673819218,3.0939322696636298,523.3042779533675,8.55204176387779,5.770856947829096,6.844729127323647,2.3355710224487796
PMMA,CC(C)(C(=O)O)C,102.13299999999998,1.1171,37.3,1.0,1.0,0.0,42.0,7.0,0.0,0.8,0.0,0.0,0.0,0.0,0.0,0.0,0.0,0.0,0.0,0.0,0.3082795074066913,-0.4808445083134276,0.4808445083134276,0.3082795074066913,3.7911184170869663,78.57116899294724,6.077350269189626,2.9433756729740645,6.47,1.5234757718400516
Polycarbonate,O=C(Oc1ccccc1)Oc2ccccc2,214.21999999999997,3.264400000000002,35.53,0.0,3.0,2.0,80.0,16.0,2.0,0.0,0.0,2.0,0.0,0.0,2.0,0.0,0.0,0.0,0.0,0.0,0.5189243309988207,-0.39471884462288653,0.5189243309988207,0.39471884462288653,1.9521941477943936,407.6186271235691,11.217332181807452,7.84333659290053,10.235362076049029,4.97865194117306
Polystyrene,C=CC1=CC=CC=C1,104.15199999999997,2.3296,0.0,0.0,0.0,1.0,40.0,8.0,1.0,0.0,0.0,1.0,0.0,0.0,1.0,0.0,0.0,0.0,0.0,0.0,-0.02625578937784246,-0.09847005004016512,0.09847005004016512,0.02625578937784246,2.9910469146846212,162.65300142116237,5.819990956308912,3.931851652578137,5.10367816091954,2.3141072195146584
PVA,CC(O),46.069,-0.0014000000000000123,20.23,1.0,1.0,0.0,20.0,3.0,0.0,1.0,0.0,0.0,0.0,0.0,0.0,0.0,0.0,0.0,0.0,0.0,0.04022058174908642,-0.3966637147812598,0.3966637147812598,0.04022058174908642,1.6329931618554523,2.7548875021634682,2.7071067811865475,1.4142135623730951,2.9600000000000004,1.96
Polypropylene,CC(C),44.096999999999994,1.4163,0.0,0.0,0.0,0.0,20.0,3.0,0.0,1.0,0.0,0.0,0.0,0.0,0.0,0.0,0.0,0.0,0.0,0.0,-0.059038363929048716,-0.06564544121023959,0.06564544121023959,0.059038363929048716,1.6329931618554523,0.0,2.7071067811865475,1.4142135623730951,3.0,2.0
Polyethylene,CC,30.07,1.0262,0.0,0.0,0.0,0.0,14.0,2.0,0.0,1.0,0.0,0.0,0.0,0.0,0.0,0.0,0.0,0.0,0.0,0.0,-0.06826238342059164,-0.06826238342059164,0.06826238342059164,0.06826238342059164,1.0,0.0,2.0,1.0,2.0,0.0
Polybutylene,CCCC,58.123999999999995,1.8064,0.0,0.0,0.0,1.0,26.0,4.0,0.0,1.0,0.0,0.0,0.0,0.0,0.0,0.0,0.0,0.0,0.0,0.0,-0.05643437041758633,-0.06539244288085166,0.06539244288085166,0.05643437041758633,1.9747448713915894,2.0,3.414213562373095,1.914213562373095,4.0,3.0
PVC,C=CCCl,76.526,1.4112,0.0,0.0,0.0,1.0,24.0,4.0,0.0,0.3333333333333333,0.0,0.0,0.0,0.0,0.0,0.0,0.0,0.0,0.0,0.0,0.040106491218081464,-0.12221964766558473,0.12221964766558473,0.040106491218081464,2.2968352619191394,17.24511249783653,3.414213562373095,1.914213562373095,4.030000000000002,3.0300000000000016
PVDF,C(F)(F)C(F)(F),102.03,1.5166,0.0,0.0,0.0,1.0,38.0,6.0,0.0,1.0,0.0,0.0,0.0,0.0,0.0,0.0,0.0,0.0,0.0,0.0,0.2977650304672564,-0.20394320407041397,0.2977650304672564,0.20394320407041397,2.9934972434784735,26.52932501298081,5.1547005383792515,2.6427344100918364,5.72,1.9963460315907868
PTFE,C(F)(F),52.022999999999996,0.8829,0.0,0.0,0.0,0.0,20.0,3.0,0.0,1.0,0.0,0.0,0.0,0.0,0.0,0.0,0.0,0.0,0.0,0.0,0.22851975934321334,-0.21418589178897088,0.22851975934321334,0.21418589178897088,1.6329931618554523,2.7548875021634682,2.7071067811865475,1.4142135623730951,2.86,1.8599999999999997
EVA,CCOCC,74.123,1.0428000000000002,9.23,0.0,1.0,2.0,32.0,5.0,0.0,1.0,0.0,0.0,0.0,0.0,0.0,0.0,0.0,0.0,0.0,0.0,0.043708412524692805,-0.3820258357826421,0.3820258357826421,0.043708412524692805,2.19060968716425,11.119415478763749,4.121320343559642,2.414213562373095,4.960000000000001,3.9600000000000004
PBT,OCCOC(=O)C1=CC=CC=C1C(=O)OCC,238.23899999999995,1.0124,72.83,1.0,5.0,5.0,92.0,17.0,1.0,0.3333333333333333,0.0,1.0,0.0,0.0,1.0,0.0,0.0,0.0,0.0,0.0,0.3385902703099528,-0.4623724219382187,0.4623724219382187,0.3385902703099528,2.9080690228103045,399.6373910764977,12.673362107437434,8.201907262607799,13.18613756613757,6.6485446683356395
POM,CO,32.042,-0.3915,20.23,1.0,1.0,0.0,14.0,2.0,0.0,1.0,0.0,0.0,0.0,0.0,0.0,0.0,0.0,0.0,0.0,0.0,0.031940683717728124,-0.3996302435573072,0.3996302435573072,0.031940683717728124,1.0,2.0,2.0,1.0,1.96,0.9600000000000016
PPS,C1=CC=C(S)C=C1,110.18099999999997,1.9752999999999996,0.0,1.0,1.0,0.0,36.0,7.0,1.0,0.0,0.0,1.0,0.0,0.0,1.0,0.0,0.0,0.0,0.0,0.0,0.003992005065301783,-0.14342689229770952,0.14342689229770952,0.003992005065301783,3.0214653097240856,134.10736969541455,5.112884175122364,3.393846850117352,4.7222070015220705,2.0299990576722062
PSU,O=S(=O)(c1ccccc1)c2ccccc2,218.277,2.519400000000001,34.14,0.0,2.0,2.0,76.0,15.0,2.0,0.0,0.0,2.0,0.0,0.0,2.0,0.0,0.0,0.0,0.0,0.0,0.20608662635002495,-0.21851432551830632,0.21851432551830632,0.20608662635002495,2.5505014056299604,484.8495069839023,10.72576835024473,7.210343431045078,9.926624682900304,3.86619987968792
PES,O=S(=O)(c1ccc(cc1))c2ccc(cc2),218.277,2.519400000000001,34.14,0.0,2.0,2.0,76.0,15.0,2.0,0.0,0.0,2.0,0.0,0.0,2.0,0.0,0.0,0.0,0.0,0.0,0.20608662635002495,-0.21851432551830632,0.21851432551830632,0.20608662635002495,2.5505014056299604,484.8495069839023,10.72576835024473,7.210343431045078,9.926624682900304,3.86619987968792
PA11,NCCCCCCCCCCC(=O)O,201.30999999999997,2.5406000000000004,63.32000000000001,2.0,2.0,10.0,84.0,14.0,0.0,0.9090909090909091,0.0,0.0,0.0,0.0,0.0,0.0,0.0,0.0,0.0,0.0,0.3028395565321837,-0.481230389785217,0.481230389785217,0.3028395565321837,2.884064614706359,137.24922110379617,10.648418081055103,6.770055610029663,13.43,10.510450522928398
PA12,NCCCCCCCCCCCC(=O)O,215.33699999999996,2.9307000000000007,63.32000000000001,2.0,2.0,11.0,90.0,15.0,0.0,0.9166666666666666,0.0,0.0,0.0,0.0,0.0,0.0,0.0,0.0,0.0,0.0,0.3028395565321837,-0.481230389785217,0.481230389785217,0.3028395565321837,2.8946809694676436,148.55754552798547,11.355524862241651,7.270055610029663,14.429999999999998,11.50446016381236
HDPE,CC,30.07,1.0262,0.0,0.0,0.0,0.0,14.0,2.0,0.0,1.0,0.0,0.0,0.0,0.0,0.0,0.0,0.0,0.0,0.0,0.0,-0.06826238342059164,-0.06826238342059164,0.06826238342059164,0.06826238342059164,1.0,0.0,2.0,1.0,2.0,0.0
LDPE,CCC,44.096999999999994,1.4163,0.0,0.0,0.0,0.0,20.0,3.0,0.0,1.0,0.0,0.0,0.0,0.0,0.0,0.0,0.0,0.0,0.0,0.0,-0.059038363929048716,-0.06564544121023959,0.06564544121023959,0.059038363929048716,1.6329931618554523,0.0,2.7071067811865475,1.4142135623730951,3.0,2.0
LLDPE,CCCC,58.123999999999995,1.8064,0.0,0.0,0.0,1.0,26.0,4.0,0.0,1.0,0.0,0.0,0.0,0.0,0.0,0.0,0.0,0.0,0.0,0.0,-0.05643437041758633,-0.06539244288085166,0.06539244288085166,0.05643437041758633,1.9747448713915894,2.0,3.414213562373095,1.914213562373095,4.0,3.0
UHMWPE,CCCCC,72.151,2.1965000000000003,0.0,0.0,0.0,2.0,32.0,5.0,0.0,1.0,0.0,0.0,0.0,0.0,0.0,0.0,0.0,0.0,0.0,0.0,-0.05383131543183678,-0.06538255537938412,0.06538255537938412,0.05383131543183678,2.19060968716425,7.5097750043269365,4.121320343559642,2.414213562373095,5.0,4.0
SAN,C=CC#N,53.06399999999999,0.6959799999999999,23.79,0.0,1.0,0.0,20.0,4.0,0.0,0.0,0.0,0.0,0.0,0.0,0.0,0.0,0.0,0.0,0.0,0.0,0.09053137537380465,-0.19312126078672762,0.19312126078672762,0.09053137537380465,2.9217836800202113,48.793987519471216,3.414213562373095,1.914213562373095,3.2299999999999995,2.23
ASA,C=CC#N,53.06399999999999,0.6959799999999999,23.79,0.0,1.0,0.0,20.0,4.0,0.0,0.0,0.0,0.0,0.0,0.0,0.0,0.0,0.0,0.0,0.0,0.0,0.09053137537380465,-0.19312126078672762,0.19312126078672762,0.09053137537380465,2.9217836800202113,48.793987519471216,3.414213562373095,1.914213562373095,3.2299999999999995,2.23
COC,C1OC1,44.053,0.01660000000000006,12.53,0.0,1.0,0.0,18.0,3.0,1.0,1.0,1.0,0.0,1.0,0.0,0.0,0.0,1.0,0.0,1.0,0.0,0.07011439546557022,-0.37666763607345255,0.37666763607345255,0.07011439546557022,2.25,7.509775004326937,2.121320343559643,1.5,1.297837837837838,0.20616508400292186
COP,C1COC1,58.07999999999999,0.40670000000000006,9.23,0.0,1.0,0.0,24.0,4.0,1.0,1.0,1.0,0.0,1.0,0.0,0.0,0.0,1.0,0.0,1.0,0.0,0.048750503369774996,-0.3812719221141719,0.3812719221141719,0.048750503369774996,2.0,11.245112497836532,2.8284271247461903,2.0,2.212525252525253,0.72512600755025
PC-ABS,C=CC1=CC=CC=C1,104.15199999999997,2.3296,0.0,0.0,0.0,1.0,40.0,8.0,1.0,0.0,0.0,1.0,0.0,0.0,1.0,0.0,0.0,0.0,0.0,0.0,-0.02625578937784246,-0.09847005004016512,0.09847005004016512,0.02625578937784246,2.9910469146846212,162.65300142116237,5.819990956308912,3.931851652578137,5.10367816091954,2.3141072195146584
TPE,CCOCCO,90.122,0.015200000000000047,29.46,1.0,2.0,3.0,38.0,6.0,0.0,1.0,0.0,0.0,0.0,0.0,0.0,0.0,0.0,0.0,0.0,0.0,0.06970519849679675,-0.39398034488025224,0.39398034488025224,0.06970519849679675,2.3390923149762908,17.509775004326936,4.82842712474619,2.914213562373095,5.92,4.920000000000001
TPO,CCCCO,74.12299999999999,0.7787999999999999,20.23,1.0,1.0,2.0,32.0,5.0,0.0,1.0,0.0,0.0,0.0,0.0,0.0,0.0,0.0,0.0,0.0,0.0,0.043042283485206966,-0.39637675206921097,0.39637675206921097,0.043042283485206966,2.19060968716425,11.119415478763749,4.121320343559642,2.414213562373095,4.960000000000001,3.9600000000000004
PCL,OCCCCCC(=O)O,132.15900000000002,0.6236999999999999,57.53,2.0,2.0,5.0,54.0,9.0,0.0,0.8333333333333334,0.0,0.0,0.0,0.0,0.0,0.0,0.0,0.0,0.0,0.0,0.3028395686363328,-0.4812303897531619,0.4812303897531619,0.3028395686363328,2.8288681349096856,80.37215811651096,7.112884175122364,4.270055610029662,8.43,5.564589502018842
PBS,OCCCC(=O)OCCCC(=O)O,190.19499999999996,0.1669,83.83,2.0,4.0,7.0,76.0,13.0,0.0,0.75,0.0,0.0,0.0,0.0,0.0,0.0,0.0,0.0,0.0,0.0,0.3053664833817065,-0.4812288089220668,0.4812288089220668,0.3053664833817065,3.2158709613055105,165.91732137225364,10.104448006685086,6.163902460147014,11.9,7.544022314808277
PBAT,OCCCC(=O)OCC1=CC=CC=C1C(=O)O,238.239,1.2005000000000001,83.83,2.0,4.0,6.0,92.0,17.0,1.0,0.3333333333333333,0.0,1.0,0.0,0.0,1.0,0.0,0.0,0.0,0.0,0.0,0.33559343202941294,-0.47763034428584406,0.47763034428584406,0.33559343202941294,2.568575143561294,399.6373910764977,12.673362107437434,8.147065707741408,13.18613756613757,6.6485446683356395
PLA_Blends,CC(O)C(=O)OCC,118.13199999999999,-0.0697000000000001,46.53,1.0,3.0,2.0,48.0,8.0,0.0,0.8,0.0,0.0,0.0,0.0,0.0,0.0,0.0,0.0,0.0,0.0,0.33414768930295624,-0.464078219287178,0.464078219287178,0.33414768930295624,3.329150037184473,77.74296763342026,6.568914100752347,3.6807392125526213,7.43,3.43425867993602
PEKK,O=C1C=CC(=O)C=C1OC2=CC=CC=C2,200.193,1.6573,43.370000000000005,0.0,3.0,2.0,74.0,15.0,2.0,0.0,1.0,1.0,0.0,1.0,1.0,0.0,0.0,0.0,0.0,0.0,0.2208032731949418,-0.45311493855203844,0.45311493855203844,0.2208032731949418,2.1938994529567974,455.0153928402041,10.673362107437434,7.2540201954234895,9.3971519262254,3.9196606578585556
PSF,O=S(=O)(c1ccccc1)c2ccccc2,218.277,2.519400000000001,34.14,0.0,2.0,2.0,76.0,15.0,2.0,0.0,0.0,2.0,0.0,0.0,2.0,0.0,0.0,0.0,0.0,0.0,0.20608662635002495,-0.21851432551830632,0.21851432551830632,0.20608662635002495,2.5505014056299604,484.8495069839023,10.72576835024473,7.210343431045078,9.926624682900304,3.86619987968792
PBI,C1=NC2=CC=CC=C2N1,118.13899999999997,1.5628999999999997,28.68,1.0,1.0,0.0,44.0,9.0,2.0,0.0,0.0,2.0,0.0,0.0,1.0,0.0,0.0,1.0,0.0,0.0,0.09313706243735365,-0.3445965870845696,0.3445965870845696,0.09313706243735365,2.9546597902851044,280.89393676634353,6.104448006685086,4.4663264951887856,4.5576295518439105,1.584972123454423
PBO,C1=NC2=CC=CC=C2O1,119.12299999999996,1.8277999999999999,26.03,0.0,2.0,0.0,44.0,9.0,2.0,0.0,0.0,2.0,0.0,0.0,1.0,0.0,0.0,1.0,0.0,0.0,0.18147807500205673,-0.44348137443298613,0.44348137443298613,0.18147807500205673,2.9546597902851044,282.89393676634353,6.104448006685086,4.4663264951887856,4.5576295518439105,1.584972123454423
PI,O=C1NC(=O)C2=CC=CC=C2O1,163.13199999999998,0.4813000000000001,63.07,1.0,3.0,0.0,60.0,12.0,2.0,0.0,0.0,2.0,0.0,0.0,1.0,0.0,0.0,1.0,0.0,0.0,0.41911453713556623,-0.4091815673819218,0.41911453713556623,0.4091815673819218,3.0939322696636298,523.3042779533675,8.55204176387779,5.770856947829096,6.844729127323647,2.3355710224487796
PAA,CC(=O)O,60.05200000000001,0.09089999999999993,37.3,1.0,1.0,0.0,24.0,4.0,0.0,0.5,0.0,0.0,0.0,0.0,0.0,0.0,0.0,0.0,0.0,0.0,0.2996845531582142,-0.481433475172105,0.481433475172105,0.2996845531582142,2.8030394876740514,27.019550008653873,3.5773502691896257,1.7320508075688772,3.4699999999999998,0.8748582995951415
PAN,C=CC#N,53.06399999999999,0.6959799999999999,23.79,0.0,1.0,0.0,20.0,4.0,0.0,0.0,0.0,0.0,0.0,0.0,0.0,0.0,0.0,0.0,0.0,0.0,0.09053137537380465,-0.19312126078672762,0.19312126078672762,0.09053137537380465,2.9217836800202113,48.793987519471216,3.414213562373095,1.914213562373095,3.2299999999999995,2.23
PVAc,CC(=O)OCC,88.10600000000001,0.5694,26.3,0.0,2.0,1.0,36.0,6.0,0.0,0.75,0.0,0.0,0.0,0.0,0.0,0.0,0.0,0.0,0.0,0.0,0.3021127777269908,-0.4661718899744166,0.4661718899744166,0.3021127777269908,2.8312571099313644,49.50977500432694,4.99156383156272,2.770055610029662,5.469999999999999,2.693713646532438
PHEMA,CC(O)CO,76.095,-0.6405000000000001,40.46,2.0,2.0,1.0,32.0,5.0,0.0,1.0,0.0,0.0,0.0,0.0,0.0,0.0,0.0,0.0,0.0,0.0,0.07423864406366021,-0.3937000421977661,0.3937000421977661,0.07423864406366021,2.5395388613593903,18.854752972273346,4.284457050376173,2.270055610029662,4.920000000000001,2.1751020408163266
PEG,OCCO,62.068000000000005,-1.0290000000000001,40.46,2.0,2.0,1.0,26.0,4.0,0.0,1.0,0.0,0.0,0.0,0.0,0.0,0.0,0.0,0.0,0.0,0.0,0.06622663964681728,-0.3939905415754596,0.3939905415754596,0.06622663964681728,1.9747448713915894,6.0,3.414213562373095,1.914213562373095,3.9200000000000004,2.92
PEO,OCCOCC,90.122,0.01519999999999988,29.46,1.0,2.0,3.0,38.0,6.0,0.0,1.0,0.0,0.0,0.0,0.0,0.0,0.0,0.0,0.0,0.0,0.0,0.06970519849679675,-0.39398034488025224,0.39398034488025224,0.06970519849679675,2.3390923149762908,17.509775004326936,4.82842712474619,2.914213562373095,5.92,4.920000000000001
PVP,C1=CC=CN=C1,79.10199999999999,1.0816,12.89,0.0,1.0,0.0,30.0,6.0,1.0,0.0,0.0,1.0,0.0,0.0,0.0,0.0,0.0,1.0,0.0,0.0,0.02672876829526118,-0.264736970888988,0.264736970888988,0.02672876829526118,3.000000000000001,75.86113958768547,4.242640687119286,3.0,3.3441747572815532,1.5525827127910268
PVK,C1=CC=CC=N1,79.102,1.0816,12.89,0.0,1.0,0.0,30.0,6.0,1.0,0.0,0.0,1.0,0.0,0.0,0.0,0.0,0.0,1.0,0.0,0.0,0.02672876829526118,-0.264736970888988,0.264736970888988,0.02672876829526118,3.000000000000001,75.86113958768547,4.242640687119286,3.0,3.3441747572815532,1.5525827127910268
PANI,C1=CC=CC=N1C,,,,,,,,,,,,,,,,,,,,,,,,,,,,,,
PEDOT,C1=CSC=C1O,100.14199999999998,1.4536999999999998,20.23,1.0,2.0,0.0,32.0,6.0,1.0,0.0,0.0,1.0,0.0,0.0,0.0,0.0,0.0,1.0,0.0,0.0,0.12574676677030175,-0.5070896792461062,0.5070896792461062,0.12574676677030175,3.049648321313926,111.10850553448522,4.405777393935816,2.893846850117352,3.6818181818181817,1.3047337278106508
PMI,C1=NC(=O)C=CN1,96.08899999999998,-0.23010000000000014,45.75,1.0,2.0,0.0,36.0,7.0,1.0,0.0,0.0,1.0,0.0,0.0,0.0,0.0,0.0,1.0,0.0,0.0,0.27205368877044456,-0.35238534446448366,0.35238534446448366,0.27205368877044456,3.2753297760302096,175.38621243302316,5.112884175122364,3.393846850117352,4.050068027210885,1.5520524607896162
PBTL,OCCCCCC(=O)O,132.15900000000002,0.6236999999999999,57.53,2.0,2.0,5.0,54.0,9.0,0.0,0.8333333333333334,0.0,0.0,0.0,0.0,0.0,0.0,0.0,0.0,0.0,0.0,0.3028395686363328,-0.4812303897531619,0.4812303897531619,0.3028395686363328,2.8288681349096856,80.37215811651096,7.112884175122364,4.270055610029662,8.43,5.564589502018842
PHB,CC(O)C(=O)OCC,118.13199999999999,-0.0697000000000001,46.53,1.0,3.0,2.0,48.0,8.0,0.0,0.8,0.0,0.0,0.0,0.0,0.0,0.0,0.0,0.0,0.0,0.0,0.33414768930295624,-0.464078219287178,0.464078219287178,0.33414768930295624,3.329150037184473,77.74296763342026,6.568914100752347,3.6807392125526213,7.43,3.43425867993602
PHBV,CC(O)C(=O)OCCC,132.159,0.3203999999999998,46.53,1.0,3.0,3.0,54.0,9.0,0.0,0.8333333333333334,0.0,0.0,0.0,0.0,0.0,0.0,0.0,0.0,0.0,0.0,0.3341576054626797,-0.46379506882736865,0.46379506882736865,0.3341576054626797,3.2754791212791776,88.30376252379817,7.276020881938895,4.180739212552622,8.43,4.322705118842072
PLA_Copolymer,CC(O)C(=O)OCCC,132.159,0.3203999999999998,46.53,1.0,3.0,3.0,54.0,9.0,0.0,0.8333333333333334,0.0,0.0,0.0,0.0,0.0,0.0,0.0,0.0,0.0,0.0,0.3341576054626797,-0.46379506882736865,0.46379506882736865,0.3341576054626797,3.2754791212791776,88.30376252379817,7.276020881938895,4.180739212552622,8.43,4.322705118842072
PET_Copolymer,OCCOC(=O)C1=CC=CC=C1,166.176,0.8356999999999999,46.53,1.0,3.0,3.0,64.0,12.0,1.0,0.2222222222222222,0.0,1.0,0.0,0.0,1.0,0.0,0.0,0.0,0.0,0.0,0.3377015252383046,-0.45965235017174666,0.45965235017174666,0.3377015252383046,2.539556056342092,243.21037742768323,8.811554787871634,5.842535255101096,8.743896713615024,4.512097517536597
Nylon_Copolymer,NCCCC(=O)NCCCC,158.24499999999998,0.6415999999999997,55.120000000000005,2.0,2.0,6.0,66.0,11.0,0.0,0.875,0.0,0.0,0.0,0.0,0.0,0.0,0.0,0.0,0.0,0.0,0.2195431802275507,-0.35610648897830044,0.35610648897830044,0.2195431802275507,3.0894795282693233,104.26518047667868,8.52709773749546,5.308060412490447,10.430000000000001,7.536044538706258
TPU_Elastic,O=C(NCCCCN)OCCO,176.216,-0.5561999999999998,84.58000000000001,3.0,4.0,6.0,72.0,12.0,0.0,0.8571428571428571,0.0,0.0,0.0,0.0,0.0,0.0,0.0,0.0,0.0,0.0,0.4067089579456076,-0.4471194442606973,0.4471194442606973,0.4067089579456076,3.083720793951712,119.21911586970009,9.234204518682008,5.808060412490447,11.189999999999998,8.288135426889108
Silicone_PDMS,[Si](C)(C)O,75.16299999999998,0.22979999999999995,20.23,1.0,1.0,0.0,25.0,4.0,0.0,1.0,0.0,0.0,0.0,0.0,0.0,0.0,0.0,0.0,0.0,1.0,0.19994896400989542,-0.431983938992313,0.431983938992313,0.19994896400989542,2.3237900077244498,10.75488750216347,3.5773502691896257,1.7320508075688772,4.176883116883115,1.491657051966102
Epoxy,C1OC1C2=CC=CC=C2,120.15099999999995,1.7579,12.53,0.0,1.0,1.0,46.0,9.0,2.0,0.25,1.0,1.0,1.0,0.0,1.0,0.0,1.0,0.0,1.0,0.0,0.10595724459041302,-0.3680470254929766,0.3680470254929766,0.10595724459041302,2.2860713078743733,188.98242576044356,6.104448006685085,4.4663264951887856,5.0039945699897,1.8484462132058532
Phenolic,C1=CC=C(O)C=C1,94.11299999999997,1.3921999999999997,20.23,1.0,1.0,0.0,36.0,7.0,1.0,0.0,0.0,1.0,0.0,0.0,1.0,0.0,0.0,0.0,0.0,0.0,0.11507481947527982,-0.5079669948663066,0.5079669948663066,0.11507481947527982,3.0214653097240856,134.10736969541455,5.112884175122364,3.393846850117352,4.18611295681063,1.6461962159398054
Melamine_Formaldehyde,C1=NC(N)=NC(N)=N1,111.108,-0.9640000000000002,90.71,2.0,5.0,0.0,42.0,8.0,1.0,0.0,0.0,1.0,0.0,0.0,0.0,0.0,0.0,1.0,0.0,0.0,0.22428541659767146,-0.36764570234105964,0.36764570234105964,0.22428541659767146,3.077660437970554,167.53358594239864,5.983127663125442,3.787693700234704,4.761285930408471,1.6082679567960434
Urea_Formaldehyde,NC(=O)N,60.056,-0.9762,69.11,2.0,1.0,0.0,24.0,4.0,0.0,0.0,0.0,0.0,0.0,0.0,0.0,0.0,0.0,0.0,0.0,0.0,0.309056401422831,-0.3518462395056391,0.3518462395056391,0.309056401422831,2.8030394876740514,29.019550008653873,3.5773502691896257,1.7320508075688772,3.2700000000000005,0.7105286343612336
Polyimide_Modified,O=C1NC(=O)C2=CC=CC=C2,,,,,,,,,,,,,,,,,,,,,,,,,,,,,,
Polyamide_12,NCCCCCCCCCCCC(=O)O,215.33699999999996,2.9307000000000007,63.32000000000001,2.0,2.0,11.0,90.0,15.0,0.0,0.9166666666666666,0.0,0.0,0.0,0.0,0.0,0.0,0.0,0.0,0.0,0.0,0.3028395565321837,-0.481230389785217,0.481230389785217,0.3028395565321837,2.8946809694676436,148.55754552798547,11.355524862241651,7.270055610029663,14.429999999999998,11.50446016381236
Polyamide_11,NCCCCCCCCCCC(=O)O,201.30999999999997,2.5406000000000004,63.32000000000001,2.0,2.0,10.0,84.0,14.0,0.0,0.9090909090909091,0.0,0.0,0.0,0.0,0.0,0.0,0.0,0.0,0.0,0.0,0.3028395565321837,-0.481230389785217,0.481230389785217,0.3028395565321837,2.884064614706359,137.24922110379617,10.648418081055103,6.770055610029663,13.43,10.510450522928398
Polyamide_6_10,NCCCCCC(=O)NCCCCCCCCCC(=O)O,300.4429999999999,2.8271000000000006,92.42,3.0,3.0,15.0,124.0,21.0,0.0,0.875,0.0,0.0,0.0,0.0,0.0,0.0,0.0,0.0,0.0,0.0,0.3028395565321837,-0.481230389785217,0.481230389785217,0.3028395565321837,3.1382514631190865,270.24770349301787,15.76130225617747,10.163902460147014,19.9,15.291909295219817
Polyamide_4_6,NCCCC(=O)NCCCCCC(=O)O,216.28099999999995,0.4864999999999999,92.42,3.0,3.0,9.0,88.0,15.0,0.0,0.8,0.0,0.0,0.0,0.0,0.0,0.0,0.0,0.0,0.0,0.0,0.302839565984305,-0.4812303897601587,0.4812303897601587,0.302839565984305,3.1602815360880454,195.10652223979864,11.518661569058182,7.163902460147014,13.900000000000002,9.45483670617463
Polycarbonate_Mod,O=C(Oc1ccccc1)OCC,166.17599999999993,2.2218999999999998,35.53,0.0,3.0,2.0,64.0,12.0,1.0,0.2222222222222222,0.0,1.0,0.0,0.0,1.0,0.0,0.0,0.0,0.0,0.0,0.5133306287086709,-0.43427867686298793,0.5133306287086709,0.43427867686298793,2.471665960685077,243.21037742768323,8.811554787871634,5.825698502695489,8.585328884652048,4.384869939185937
PET_Recycled,OCCOC(=O)C1=CC=CC=C1C(=O)O,210.18499999999997,0.5339,83.83,2.0,4.0,4.0,80.0,15.0,1.0,0.2,0.0,1.0,0.0,0.0,1.0,0.0,0.0,0.0,0.0,0.0,0.3385901810523384,-0.4776203381243126,0.4776203381243126,0.3385901810523384,2.9229450292375327,371.83042670586934,11.259148545064338,7.163902460147013,11.196219512195123,5.113340029696918
PLA_Reinforced,CC(O)C(=O)OCCO,134.131,-1.0973000000000002,66.76,2.0,4.0,3.0,54.0,9.0,0.0,0.8,0.0,0.0,0.0,0.0,0.0,0.0,0.0,0.0,0.0,0.0,0.3342420264255091,-0.46133932280206114,0.46133932280206114,0.3342420264255091,3.2754791212791776,88.95878455585176,7.276020881938895,4.180739212552622,8.390000000000002,4.286691532146363
ABS_Modified,C=CC1=CC=CC=C1C,118.17899999999997,2.638020000000001,0.0,0.0,0.0,1.0,46.0,9.0,1.0,0.1111111111111111,0.0,1.0,0.0,0.0,1.0,0.0,0.0,0.0,0.0,0.0,-0.023323812006378338,-0.098460183758595,0.098460183758595,0.023323812006378338,3.1479791300397526,211.03322454351996,6.69023444431199,4.342535255101096,6.085628140703518,2.492201093530749
HIPS_Modified,C=CC1=CC=CC=C1C,118.17899999999997,2.638020000000001,0.0,0.0,0.0,1.0,46.0,9.0,1.0,0.1111111111111111,0.0,1.0,0.0,0.0,1.0,0.0,0.0,0.0,0.0,0.0,-0.023323812006378338,-0.098460183758595,0.098460183758595,0.023323812006378338,3.1479791300397526,211.03322454351996,6.69023444431199,4.342535255101096,6.085628140703518,2.492201093530749
ASA_Modified,C=CC#NC,,,,,,,,,,,,,,,,,,,,,,,,,,,,,,
SAN_Modified,C=CC#NC,,,,,,,,,,,,,,,,,,,,,,,,,,,,,,
PEEK_Modified,O=C1C=CC(=O)C=C1OC2=CC=CC=C2OCC,244.24599999999998,2.056,52.60000000000001,0.0,4.0,4.0,92.0,18.0,2.0,0.14285714285714285,1.0,1.0,0.0,1.0,1.0,0.0,0.0,0.0,0.0,0.0,0.2208069961466388,-0.48996671356671634,0.48996671356671634,0.2208069961466388,2.2369553495343286,540.4799027108276,12.957819157813608,8.702708600407234,12.106323039940829,5.313943987314113
PEI_Modified,O=C1NC(=O)C2=CC=CC=C2O1CC,,,,,,,,,,,,,,,,,,,,,,,,,,,,,,
PPS_Modified,C1=CC=C(SC)C=C1,124.20799999999997,2.4085,0.0,0.0,1.0,1.0,42.0,8.0,1.0,0.14285714285714285,0.0,1.0,0.0,0.0,1.0,0.0,0.0,0.0,0.0,0.0,0.006906893238164152,-0.1296018262146687,0.1296018262146687,0.006906893238164152,2.8320858350070908,145.73281445033504,5.819990956308912,3.931851652578137,5.702100396301189,2.7753267143123623
PSU_Modified,O=S(=O)(c1ccccc1)c2ccccc2C,232.30399999999997,2.827820000000001,34.14,0.0,2.0,2.0,82.0,16.0,2.0,0.07692307692307693,0.0,2.0,0.0,0.0,2.0,0.0,0.0,0.0,0.0,0.0,0.2063487026550848,-0.21850405076821405,0.21850405076821405,0.2063487026550848,2.6160141192393143,586.3394760303494,11.596011838247808,7.621027033568036,10.892929887469862,4.1002940463635325
PES_Modified,O=S(=O)(c1ccc(cc1))c2ccc(cc2)C,232.30399999999997,2.827820000000001,34.14,0.0,2.0,2.0,82.0,16.0,2.0,0.07692307692307693,0.0,2.0,0.0,0.0,2.0,0.0,0.0,0.0,0.0,0.0,0.20608696213106079,-0.21851432284932779,0.21851432284932779,0.20608696213106079,2.5201504266600927,569.0894760303494,11.596011838247808,7.604190281162429,10.892929887469862,4.1002940463635325
TPE_Modified,CCOCCOC,104.149,0.6693,18.46,0.0,2.0,4.0,44.0,7.0,0.0,1.0,0.0,0.0,0.0,0.0,0.0,0.0,0.0,0.0,0.0,0.0,0.06996451055832215,-0.38229774619848145,0.38229774619848145,0.06996451055832215,2.447472887876344,25.26112492884004,5.535533905932738,3.414213562373095,6.92,5.92
TPO_Modified,CCCCOC,88.14999999999999,1.4329,9.23,0.0,1.0,3.0,38.0,6.0,0.0,1.0,0.0,0.0,0.0,0.0,0.0,0.0,0.0,0.0,0.0,0.0,0.04616613369353667,-0.38469037911960074,0.38469037911960074,0.04616613369353667,2.3390923149762908,15.900134529890124,4.82842712474619,2.914213562373095,5.959999999999999,4.960000000000001
EVA_Modified,CCOCCOC,104.149,0.6693,18.46,0.0,2.0,4.0,44.0,7.0,0.0,1.0,0.0,0.0,0.0,0.0,0.0,0.0,0.0,0.0,0.0,0.0,0.06996451055832215,-0.38229774619848145,0.38229774619848145,0.06996451055832215,2.447472887876344,25.26112492884004,5.535533905932738,3.414213562373095,6.92,5.92
PCL_Modified,OCCCCCC(=O)OCC,160.213,1.1022,46.53,1.0,3.0,6.0,66.0,11.0,0.0,0.875,0.0,0.0,0.0,0.0,0.0,0.0,0.0,0.0,0.0,0.0,0.30526743776382204,-0.46596920784737433,0.46596920784737433,0.30526743776382204,3.040425665876032,101.51029297451521,8.52709773749546,5.308060412490447,10.430000000000001,7.536044538706258
PBS_Modified,OCCCC(=O)OCCCC(=O)OCC,218.24899999999994,0.6453999999999998,72.83,1.0,5.0,8.0,88.0,15.0,0.0,0.8,0.0,0.0,0.0,0.0,0.0,0.0,0.0,0.0,0.0,0.0,0.3053995335722081,-0.4659676268358388,0.4659676268358388,0.3053995335722081,3.297567393643473,190.25176926752528,11.518661569058182,7.201907262607799,13.900000000000002,9.45483670617463
PBAT_Modified,OCCCC(=O)OCC1=CC=CC=C1C(=O)OCC,266.293,1.679,72.83,1.0,5.0,7.0,104.0,19.0,1.0,0.42857142857142855,0.0,1.0,0.0,0.0,1.0,0.0,0.0,0.0,0.0,0.0,0.3380223110504505,-0.4623824236377499,0.4623824236377499,0.3380223110504505,2.624368777730874,427.5994297915969,14.08757566981053,9.185070510202193,15.178411214953275,8.26191632231405
PHB_Modified,CC(O)C(=O)OCCC,132.159,0.3203999999999998,46.53,1.0,3.0,3.0,54.0,9.0,0.0,0.8333333333333334,0.0,0.0,0.0,0.0,0.0,0.0,0.0,0.0,0.0,0.0,0.3341576054626797,-0.46379506882736865,0.46379506882736865,0.3341576054626797,3.2754791212791776,88.30376252379817,7.276020881938895,4.180739212552622,8.43,4.322705118842072
PHBV_Modified,CC(O)C(=O)OCCCC,146.18599999999998,0.7104999999999999,46.53,1.0,3.0,4.0,60.0,10.0,0.0,0.8571428571428571,0.0,0.0,0.0,0.0,0.0,0.0,0.0,0.0,0.0,0.0,0.3341577746610871,-0.46378420276128934,0.46378420276128934,0.3341577746610871,3.2224760342478187,99.02434166397533,7.983127663125443,4.680739212552622,9.430000000000001,5.233374532892362
